Component,Eigenvalue_CVX,Eigenvalue_Std,Variance_Explained_Pct
PC1,3.37177755495128,3.371801961118789,25.66657593913234
PC2,2.309439992194285,2.3094462383977232,17.579871735453295
PC3,2.014749970945627,2.0147430655457077,15.336638400627772
